City_ID,City,Country,Lat,Lng,Max Temp,Humidity,Cloudiness,Wind Speed,Current Description
0,Chuy,UY,-33.6971,-53.4616,70.11,81,16,12.12,few clouds
1,Lebu,CL,-37.6167,-73.65,60.03,71,27,12.59,scattered clouds
2,Cape Town,ZA,-33.9258,18.4232,66.0,88,0,17.27,clear sky
3,Kavieng,PG,-2.5744,150.7967,79.38,81,96,6.46,moderate rain
4,Hargeysa,SO,9.56,44.065,66.81,76,23,7.25,few clouds
5,Touros,BR,-5.1989,-35.4608,80.6,78,20,10.36,few clouds
6,Padang,ID,-0.9492,100.3543,73.4,94,90,2.3,overcast clouds
7,Bathsheba,BB,13.2167,-59.5167,82.4,57,20,12.66,few clouds
8,Bethel,US,41.3712,-73.414,60.8,25,1,13.8,clear sky
9,Killybegs,IE,54.6333,-8.45,46.4,100,90,19.57,overcast clouds
10,Iralaya,HN,15.0,-83.2333,73.4,100,90,13.8,overcast clouds
11,Nanortalik,GL,60.1432,-45.2371,34.95,88,18,7.56,few clouds
12,Punta Arenas,CL,-53.15,-70.9167,46.4,61,40,19.57,scattered clouds
13,Albany,US,42.6001,-73.9662,60.01,25,51,5.99,broken clouds
14,Castro,BR,-24.7911,-50.0119,63.93,80,45,8.3,scattered clouds
15,Dingle,PH,10.9995,122.6711,74.59,87,96,7.25,overcast clouds
16,Rikitea,PF,-23.1203,-134.9692,77.52,68,79,17.49,broken clouds
17,Vaini,TO,-21.2,-175.2,78.8,89,20,10.36,few clouds
18,Furstenwalde,DE,52.3667,14.0667,43.0,66,41,5.01,scattered clouds
19,Ushuaia,AR,-54.8,-68.3,44.6,70,75,24.16,broken clouds
20,Dikson,RU,73.5069,80.5464,8.04,89,100,7.18,overcast clouds
21,Teya,RU,60.3778,92.6267,33.08,97,100,6.53,overcast clouds
22,Pevek,RU,69.7008,170.3133,-10.46,95,97,9.35,overcast clouds
23,Portland,US,45.5234,-122.6762,55.99,41,75,9.22,broken clouds
24,Poya,NC,-21.35,165.15,76.44,69,63,6.49,broken clouds
25,Ulaanbaatar,MN,47.9077,106.8832,21.2,73,0,2.57,clear sky
26,Leningradskiy,RU,69.3833,178.4167,3.02,90,100,5.08,overcast clouds
27,Pacific Grove,US,36.6177,-121.9166,60.01,58,1,12.66,clear sky
28,Upernavik,GL,72.7868,-56.1549,-10.59,87,32,12.44,scattered clouds
29,Butaritari,KI,3.0707,172.7902,82.06,79,94,16.17,overcast clouds
30,Anyama,CI,5.4946,-4.0518,84.2,89,20,10.36,few clouds
31,Bowen,AU,-20.0167,148.2333,73.4,94,90,3.44,light rain
32,Ostrovnoy,RU,68.0531,39.5131,32.22,90,100,16.8,overcast clouds
33,Pisco,PE,-13.7,-76.2167,77.0,65,0,11.5,clear sky
34,Port Elizabeth,ZA,-33.918,25.5701,66.2,88,90,12.66,overcast clouds
35,Cidreira,BR,-30.1811,-50.2056,73.0,76,6,17.45,clear sky
36,Seddon,AU,-37.8068,144.8916,62.01,63,90,8.05,overcast clouds
37,Avarua,CK,-21.2078,-159.775,84.2,79,75,19.57,light rain
38,Tuktoyaktuk,CA,69.4541,-133.0374,-0.4,85,90,17.27,snow
39,Hermanus,ZA,-34.4187,19.2345,64.99,92,96,1.01,light rain
40,Moose Factory,CA,51.2585,-80.6094,35.6,75,1,12.66,clear sky
41,Sao Joao Da Barra,BR,-21.6403,-41.0511,78.8,73,75,13.8,broken clouds
42,Mataura,NZ,-46.1927,168.8643,53.01,91,98,11.99,overcast clouds
43,Sarahan,IN,31.5167,77.8,46.94,75,100,4.9,overcast clouds
44,Hilo,US,19.7297,-155.09,78.8,61,90,3.44,overcast clouds
45,Muros,ES,42.7762,-9.0603,59.0,58,4,5.01,clear sky
46,General Pico,AR,-35.6566,-63.7568,81.05,41,12,9.86,few clouds
47,Mar Del Plata,AR,-38.0023,-57.5575,71.01,94,0,14.97,clear sky
48,Souillac,MU,-20.5167,57.5167,81.0,77,32,7.0,light rain
49,Emba,KZ,48.8264,58.1442,36.34,91,91,7.56,overcast clouds
50,Umm Lajj,SA,25.0213,37.2685,74.28,42,0,10.04,clear sky
51,Buncrana,IE,55.1333,-7.45,42.42,68,100,22.57,overcast clouds
52,Bonfim,BR,3.0833,-59.95,87.8,66,20,11.5,moderate rain
53,Constitucion,CL,-35.3333,-72.4167,61.68,71,13,7.49,few clouds
54,Atuona,PF,-9.8,-139.0333,80.71,80,59,10.11,broken clouds
55,Caravelas,BR,-17.7125,-39.2481,77.38,76,68,8.05,broken clouds
56,Carnarvon,AU,-24.8667,113.6333,75.2,83,12,16.11,few clouds
57,Tiznit,MA,29.5833,-9.5,55.51,77,1,4.16,clear sky
58,Sao Domingos,BR,-13.3983,-46.3183,82.71,46,88,2.57,overcast clouds
59,Richards Bay,ZA,-28.783,32.0377,64.87,80,0,4.47,clear sky
60,Kapaa,US,22.0752,-159.319,78.8,53,75,17.27,broken clouds
61,Yellowknife,CA,62.456,-114.3525,26.01,46,1,5.75,clear sky
62,Georgetown,MY,5.4112,100.3354,84.0,89,20,3.47,few clouds
63,Machacamarca,BO,-18.1667,-67.0333,51.58,56,93,0.34,overcast clouds
64,Chokurdakh,RU,70.6333,147.9167,-25.94,100,53,4.81,broken clouds
65,Konibodom,TJ,40.2843,70.4426,48.2,76,90,11.18,overcast clouds
66,Camacha,PT,33.0833,-16.3333,60.8,72,20,2.3,few clouds
67,Mahebourg,MU,-20.4081,57.7,81.0,77,42,7.0,scattered clouds
68,Sinnamary,GF,5.3833,-52.95,78.28,86,99,9.24,overcast clouds
69,Busselton,AU,-33.65,115.3333,62.01,91,1,1.19,clear sky
70,Nabire,ID,-3.3667,135.4833,74.23,90,64,3.13,broken clouds
71,Olafsvik,IS,64.8945,-23.7142,19.53,52,100,14.25,overcast clouds
72,Saskylakh,RU,71.9167,114.0833,-26.88,100,23,3.76,few clouds
73,Vardo,NO,70.3705,31.1107,36.25,89,100,18.39,overcast clouds
74,Toamasina,MG,-18.1667,49.3833,75.2,94,20,5.55,few clouds
75,Nikolskoye,RU,59.7035,30.7861,39.0,81,0,6.71,clear sky
76,Cuamba,MZ,-14.8031,36.5372,66.6,97,16,2.66,few clouds
77,Alofi,NU,-19.0595,-169.9187,82.4,78,99,10.36,overcast clouds
78,Taua,BR,-5.9667,-40.3,81.93,52,99,9.69,overcast clouds
79,Nishihara,JP,26.1842,127.7558,66.2,59,75,19.57,broken clouds
80,Torbay,CA,47.6666,-52.7314,42.01,100,90,11.5,light intensity drizzle
81,Bisira,PA,8.5196,-81.7115,68.5,66,81,9.15,broken clouds
82,Magadan,RU,59.5667,150.8,13.26,73,100,8.32,overcast clouds
83,Barrow,US,71.2906,-156.7887,-4.0,65,1,14.97,clear sky
84,Khorixas,NA,-20.3667,14.9667,80.17,37,58,7.87,broken clouds
85,Praia,CV,14.9215,-23.5087,77.0,57,0,17.27,clear sky
86,Boysun,UZ,38.2061,67.1986,39.76,79,25,5.39,scattered clouds
87,Businga,CD,3.3333,20.8833,76.68,73,85,3.24,overcast clouds
88,Arraial Do Cabo,BR,-22.9661,-42.0278,77.0,78,40,4.61,scattered clouds
89,Okuchi,JP,32.0667,130.6167,50.0,93,40,6.91,scattered clouds
90,Saint Anthony,US,45.0205,-93.218,75.2,23,1,6.91,clear sky
91,Tigil,RU,57.8,158.6667,22.84,89,100,3.11,overcast clouds
92,New Norfolk,AU,-42.7826,147.0587,55.0,68,55,4.0,broken clouds
93,Tura,IN,25.5198,90.2201,68.95,42,67,1.48,broken clouds
94,Japura,ID,-0.3167,102.35,75.2,88,100,2.62,overcast clouds
95,Mabaruma,GY,8.2,-59.7833,74.26,97,100,1.77,overcast clouds
96,Port Shepstone,ZA,-30.7414,30.455,66.92,80,0,4.99,clear sky
97,Comodoro Rivadavia,AR,-45.8667,-67.5,80.6,26,0,13.8,clear sky
98,Hithadhoo,MV,-0.6,73.0833,83.3,73,92,18.03,overcast clouds
99,Clyde River,CA,70.4692,-68.5914,-11.2,77,1,9.22,clear sky
100,Grindavik,IS,63.8424,-22.4338,17.6,53,75,13.8,broken clouds
101,Qaanaaq,GL,77.484,-69.3632,-12.1,67,26,6.29,scattered clouds
102,Tual,ID,-5.6667,132.75,83.57,70,74,4.47,broken clouds
103,Srandakan,ID,-7.9386,110.2506,76.08,90,100,4.03,overcast clouds
104,East London,ZA,-33.0153,27.9116,66.9,73,1,12.91,clear sky
105,Hohoe,GH,7.1518,0.4736,80.15,76,52,5.26,broken clouds
106,Leirvik,NO,59.7798,5.5005,30.99,78,89,4.0,light snow
107,Yakeshi,CN,49.2833,120.7333,34.93,65,92,13.0,overcast clouds
108,Tawang,IN,27.5833,91.8667,36.84,63,81,5.7,broken clouds
109,Vila Velha,BR,-20.3297,-40.2925,78.8,73,40,12.66,scattered clouds
110,Ancud,CL,-41.8697,-73.8203,64.0,72,0,10.36,clear sky
111,Ribeira Grande,PT,38.5167,-28.7,60.8,94,75,17.27,broken clouds
112,Saint-Philippe,RE,-21.3585,55.7679,78.8,78,0,6.91,clear sky
113,Beaverlodge,CA,55.2166,-119.4361,44.6,57,40,13.8,scattered clouds
114,Bambous Virieux,MU,-20.3428,57.7575,81.0,77,52,7.0,broken clouds
115,Gat,IL,31.61,34.7642,59.0,81,0,6.96,clear sky
116,Yerbogachen,RU,61.2767,108.0108,-20.06,100,94,2.84,overcast clouds
117,Homer,US,59.6425,-151.5483,39.2,87,90,10.36,light rain
118,Kalachinsk,RU,55.0529,74.5751,30.45,80,100,12.62,overcast clouds
119,Arys,KZ,42.4252,68.795,48.2,87,75,8.95,broken clouds
120,Uyuni,BO,-20.4597,-66.825,58.01,33,100,14.88,overcast clouds
121,Tiksi,RU,71.6872,128.8694,-18.81,100,100,4.85,overcast clouds
122,Vestmanna,FO,62.1564,-7.1664,24.8,50,75,37.98,mist
123,Kokoda,PG,-8.8785,147.7407,74.53,83,100,2.44,overcast clouds
124,Marfino,RU,55.7028,37.3822,34.0,75,0,6.71,clear sky
125,Severo-Kurilsk,RU,50.6789,156.125,29.01,85,92,14.23,overcast clouds
126,Lorengau,PG,-2.0226,147.2712,80.31,80,100,1.54,overcast clouds
127,Nardaran,AZ,40.5561,50.0056,51.8,87,0,9.22,clear sky
128,Maldonado,UY,-34.6667,-54.9167,75.0,78,20,13.8,few clouds
129,Half Moon Bay,US,37.4636,-122.4286,64.0,67,1,11.5,clear sky
130,Jamestown,US,42.097,-79.2353,53.01,37,1,10.36,clear sky
131,Kaitangata,NZ,-46.2817,169.8464,59.2,58,21,17.0,few clouds
132,Longyearbyen,SJ,78.2186,15.6401,24.8,63,75,26.46,broken clouds
133,Paraiso,CR,9.8383,-83.8656,80.01,57,20,20.71,few clouds
134,Lerwick,GB,60.1545,-1.1494,28.4,59,40,28.77,light snow
135,Fortuna,US,40.5982,-124.1573,54.0,81,90,8.05,overcast clouds
136,Pundaguitan,PH,6.3711,126.1689,80.74,76,90,8.43,overcast clouds
137,Kasungu,MW,-13.0333,33.4833,63.27,97,31,4.07,scattered clouds
138,Tyukalinsk,RU,55.8732,72.1967,31.3,85,100,11.95,overcast clouds
139,Galesong,ID,-5.3166,119.3661,77.0,100,40,2.3,scattered clouds
140,Bandarbeyla,SO,9.4942,50.8122,78.55,79,53,3.96,broken clouds
141,Waddan,LY,29.1614,16.139,77.43,9,98,10.6,overcast clouds
142,Langarud,IR,37.197,50.1535,51.8,76,0,2.3,clear sky
143,Klaksvik,FO,62.2266,-6.589,24.8,50,75,37.98,light snow
144,Airai,TL,-8.9266,125.4092,60.35,94,100,4.56,overcast clouds
145,Puerto Ayora,EC,-0.7393,-90.3518,86.0,66,20,16.11,few clouds
146,Luderitz,NA,-26.6481,15.1594,70.41,66,0,16.55,clear sky
147,Alyangula,AU,-13.8483,136.4192,78.39,62,58,5.28,broken clouds
148,Bluff,NZ,-46.6,168.3333,53.01,91,89,11.99,overcast clouds
149,Uusikaupunki,FI,60.8004,21.4084,39.2,87,0,12.66,clear sky
150,Zykovo,RU,55.9519,93.1461,24.8,100,92,3.42,mist
151,Kousseri,CM,12.0769,15.0306,87.8,15,61,8.05,broken clouds
152,Pelym,RU,61.0108,61.9978,33.15,99,100,3.11,overcast clouds
153,Kodiak,US,57.79,-152.4072,51.8,46,1,18.41,clear sky
154,Hennebont,FR,47.8051,-3.2734,50.0,76,0,4.61,clear sky
155,Poum,NC,-20.2333,164.0167,78.85,73,84,24.18,broken clouds
156,Lavrentiya,RU,65.5833,-171.0,-0.96,77,30,7.85,scattered clouds
157,Laguna,US,38.421,-121.4238,68.0,45,1,3.53,clear sky
158,Bredasdorp,ZA,-34.5322,20.0403,64.4,88,100,6.91,light rain
159,Port-Cartier,CA,50.0334,-66.8654,33.01,93,90,6.91,snow
160,Thompson,CA,55.7435,-97.8558,42.8,31,75,6.91,broken clouds
161,Cabinda,AO,-5.55,12.2,80.04,83,99,3.24,overcast clouds
162,Karratha,AU,-20.7377,116.8463,81.25,46,6,6.89,clear sky
163,Guozhen,CN,34.3659,107.359,47.89,93,100,2.44,light rain
164,Litovko,RU,49.2361,135.1742,31.55,69,79,0.54,broken clouds
165,Isiro,CD,2.7739,27.616,71.42,77,97,3.47,overcast clouds
166,Ngunguru,NZ,-35.6167,174.5,61.0,97,87,1.99,overcast clouds
167,Norman Wells,CA,65.282,-126.8329,23.0,54,75,16.11,broken clouds
168,Shenjiamen,CN,29.9576,122.298,50.49,64,1,19.13,clear sky
169,Dalbandin,PK,28.8947,64.4101,77.4,19,98,6.98,overcast clouds
170,Lingao,CN,19.9103,109.6859,74.21,92,3,10.04,clear sky
171,Kirakira,SB,-10.4544,161.9205,82.47,79,74,2.57,broken clouds
172,Quatre Cocos,MU,-20.2078,57.7625,81.0,77,51,7.0,broken clouds
173,Simao,CN,22.7886,100.9748,57.7,95,100,1.43,overcast clouds
174,Sao Jose Da Coroa Grande,BR,-8.8978,-35.1478,79.72,78,14,9.01,few clouds
175,Boa Vista,BR,2.8197,-60.6733,80.6,83,90,11.5,light rain
176,Sao Filipe,CV,14.8961,-24.4956,74.37,71,11,8.37,few clouds
177,Flin Flon,CA,54.7682,-101.865,44.6,39,90,9.22,overcast clouds
178,Manta,EC,-0.95,-80.7333,82.4,74,90,5.75,overcast clouds
179,Hambantota,LK,6.1241,81.1185,77.13,79,100,6.04,overcast clouds
180,Mastic Beach,US,40.7668,-72.8521,60.8,27,1,10.36,clear sky
181,Mustafakemalpasa,TR,40.0353,28.4117,57.2,87,75,11.5,broken clouds
182,Canutama,BR,-6.5339,-64.3831,79.38,88,100,2.8,overcast clouds
183,Sorland,NO,67.667,12.6934,30.2,86,75,2.3,light snow
184,Shaowu,CN,27.3409,117.4831,60.49,88,100,0.74,overcast clouds
185,Luoyang,CN,34.6836,112.4536,46.94,50,98,2.68,overcast clouds
186,Khuzdar,PK,27.7384,66.6434,72.03,29,15,7.02,few clouds
187,Bac Lieu,VN,9.285,105.7244,81.39,77,46,14.56,scattered clouds
188,Severo-Yeniseyskiy,RU,60.3725,93.0408,29.95,97,100,7.49,overcast clouds
189,Campos Altos,BR,-19.6961,-46.1714,70.81,69,100,4.76,overcast clouds
190,Valparaiso,CL,-33.0393,-71.6273,62.6,100,75,5.75,broken clouds
191,Bengkulu,ID,-3.8004,102.2655,76.62,83,100,9.6,overcast clouds
192,Jalu,LY,29.0331,21.5482,72.59,10,0,11.45,clear sky
193,Inuvik,CA,68.3499,-133.7218,14.0,67,100,5.75,light snow
194,Ugoofaaru,MV,5.6667,73.0,83.95,67,75,13.31,broken clouds
195,Ahipara,NZ,-35.1667,173.1667,65.07,72,95,4.41,overcast clouds
196,Mariana,BR,-20.3778,-43.4161,67.59,91,61,4.7,broken clouds
197,College,US,64.8569,-147.8028,33.8,64,90,13.8,snow
198,Ixtapa,MX,20.7,-105.2,80.6,78,1,13.8,clear sky
199,Ferrandina,IT,40.5012,16.4547,50.0,61,0,13.8,clear sky
200,Sambava,MG,-14.2667,50.1667,78.06,85,99,5.73,overcast clouds
201,Clarksdale,US,34.2001,-90.5709,73.4,28,0,8.08,clear sky
202,Cabedelo,BR,-6.9811,-34.8339,80.6,89,40,6.91,scattered clouds
203,Anadyr,RU,64.75,177.4833,-7.01,84,0,8.95,clear sky
204,Port Alfred,ZA,-33.5906,26.891,67.03,87,51,12.37,broken clouds
205,Tasiilaq,GL,65.6145,-37.6368,19.4,86,75,19.57,snow
206,Bonavista,CA,48.6499,-53.1147,39.2,93,100,1.14,overcast clouds
207,Cabo San Lucas,MX,22.8909,-109.9124,91.4,19,1,24.16,clear sky
208,Saldanha,ZA,-33.0117,17.9442,64.4,88,6,8.05,clear sky
209,Bolshaya Rechka,RU,51.9503,104.7355,33.8,100,75,2.82,broken clouds
210,Mackenzie,CA,55.2999,-123.1698,41.0,56,20,2.3,few clouds
211,Leh,IN,34.1667,77.5833,34.79,82,99,5.64,overcast clouds
212,Henties Bay,NA,-22.116,14.2845,69.89,68,11,5.93,few clouds
213,Aquiraz,BR,-3.9014,-38.3911,82.99,78,20,8.05,few clouds
214,Antsirabe,MG,-19.85,47.0333,58.28,95,27,3.71,scattered clouds
215,Koszalin,PL,54.1944,16.1722,42.01,80,82,17.0,broken clouds
216,Tarakan,ID,3.3,117.6333,79.97,80,95,5.46,light rain
217,Edson,CA,53.5835,-116.4356,41.0,52,75,12.66,broken clouds
218,Provideniya,RU,64.3833,-173.3,5.0,61,0,5.84,clear sky
219,Hobyo,SO,5.3505,48.5268,82.51,68,62,14.05,broken clouds
220,Huilong,CN,31.8111,121.655,50.0,65,1,10.33,clear sky
221,Camanducaia,BR,-22.7553,-46.1447,69.8,68,20,12.66,few clouds
222,Coihaique,CL,-45.5752,-72.0662,60.8,67,75,5.75,broken clouds
223,Tahoua,NE,14.8888,5.2692,87.8,6,0,9.22,clear sky
224,Mizdah,LY,31.4451,12.9801,74.07,26,97,14.34,overcast clouds
225,Mehamn,NO,71.0357,27.8492,33.04,97,100,5.84,light snow
226,Acapulco,MX,16.8634,-99.8901,86.0,66,1,11.5,clear sky
227,Buala,SB,-8.145,159.5921,81.75,82,78,3.85,light rain
228,Vila,PT,42.0304,-8.1588,57.99,55,16,1.01,few clouds
229,Port Hardy,CA,50.6996,-127.4199,46.4,57,20,12.66,few clouds
230,Okha,RU,53.5739,142.9478,8.35,87,4,9.73,clear sky
231,Meulaboh,ID,4.1363,96.1285,76.51,88,100,3.53,overcast clouds
232,Balkanabat,TM,39.5108,54.3671,57.31,50,0,2.98,clear sky
233,Hobart,AU,-42.8794,147.3294,55.0,71,40,5.75,scattered clouds
234,Komsomolskiy,UZ,40.4272,71.7189,48.2,87,75,4.79,broken clouds
235,Salalah,OM,17.0151,54.0924,80.6,83,0,3.44,clear sky
236,Vila Franca Do Campo,PT,37.7167,-25.4333,60.8,94,40,11.5,scattered clouds
237,Sitka,US,57.0531,-135.33,39.2,93,90,13.8,light rain
238,Lima,PE,-12.0432,-77.0282,78.8,57,0,9.22,clear sky
239,Talnakh,RU,69.4865,88.3972,4.1,72,100,11.54,overcast clouds
240,Florida,US,28.7505,-82.5001,77.0,37,1,8.05,clear sky
241,Hay River,CA,60.8156,-115.7999,19.4,63,100,6.91,overcast clouds
242,Doha,QA,25.2867,51.5333,71.6,46,0,13.8,clear sky
243,Zhigansk,RU,66.7697,123.3711,-24.84,100,76,5.14,broken clouds
244,Khatanga,RU,71.9667,102.5,-11.61,86,10,9.01,clear sky
245,Chapais,CA,49.7834,-74.8492,41.0,52,90,6.91,overcast clouds
246,Pital,CO,2.2665,-75.8044,73.42,86,100,3.38,overcast clouds
247,Natal,BR,-5.795,-35.2094,84.2,74,20,12.66,few clouds
248,Berezovyy,RU,51.6667,135.7,16.93,86,34,3.71,scattered clouds
249,Lloydminster,CA,53.2835,-110.0016,51.8,43,75,18.41,broken clouds
250,Safaga,EG,26.7292,33.9365,69.8,16,0,8.05,clear sky
251,Mayo,US,38.8876,-76.5119,69.8,26,1,10.36,clear sky
252,Carbonia,IT,39.1672,8.5222,57.2,87,40,3.44,scattered clouds
253,Kokopo,PG,-4.352,152.2633,77.97,84,94,5.23,overcast clouds
254,Teguise,ES,29.0605,-13.564,66.2,63,20,6.91,few clouds
255,Vizinga,RU,61.0749,50.1031,17.62,98,69,2.77,broken clouds
256,Egvekinot,RU,66.3167,-179.1667,-4.25,76,36,0.69,scattered clouds
257,Novyy Buh,UA,47.6931,32.5216,39.2,87,94,4.47,mist
258,Matara,LK,5.9485,80.5353,75.36,88,100,6.44,overcast clouds
259,Shizunai,JP,42.3339,142.3669,38.44,95,100,1.05,overcast clouds
260,Mumbwa,ZM,-14.9783,27.0619,61.45,84,0,4.72,clear sky
261,Beloha,MG,-25.1667,45.05,67.42,89,12,6.87,light rain
262,Goderich,CA,43.7501,-81.7165,44.6,65,22,9.22,few clouds
263,Onguday,RU,50.75,86.15,31.59,59,0,4.05,clear sky
264,Katsuura,JP,35.1333,140.3,66.2,94,75,5.75,mist
265,Benguela,AO,-12.5763,13.4055,80.33,82,99,4.34,overcast clouds
266,Kathu,TH,7.9178,98.3332,86.0,94,20,2.3,few clouds
267,Iiyama,JP,36.85,138.3667,45.0,86,100,1.01,overcast clouds
268,Yumen,CN,40.2833,97.2,39.22,63,65,8.46,broken clouds
269,Karabulak,RU,43.3036,44.8964,44.6,65,11,8.95,few clouds
270,Corrente,BR,-3.7367,-43.3394,75.97,93,100,3.85,overcast clouds
271,Ulladulla,AU,-35.35,150.4667,68.0,100,90,8.05,overcast clouds
272,Faanui,PF,-16.4833,-151.75,82.08,75,20,9.91,few clouds
273,La Ronge,CA,55.1001,-105.2842,42.8,56,100,17.27,overcast clouds
274,Iqaluit,CA,63.7506,-68.5145,8.6,78,20,2.3,few clouds
275,Skelleftea,SE,64.7507,20.9528,37.99,87,90,10.36,overcast clouds
276,Louis Trichardt,ZA,-23.0439,29.9032,61.0,87,0,3.67,clear sky
277,Yangambi,CD,0.8102,24.4336,72.95,83,100,2.95,overcast clouds
278,Chupa,RU,66.27,33.0549,35.78,97,100,9.75,overcast clouds
279,Altona,DE,53.55,9.9333,43.0,75,40,19.57,scattered clouds
280,Cobija,BO,-11.0267,-68.7692,79.92,88,100,0.81,overcast clouds
281,Ruidoso,US,33.3317,-105.673,69.8,18,40,5.7,scattered clouds
282,Mahasamund,IN,21.1,82.1,79.25,13,0,5.59,clear sky
283,Jiwani,PK,25.05,61.7417,80.53,72,0,10.27,clear sky
284,San Jeronimo,PE,-11.9472,-75.2829,58.71,63,85,2.59,overcast clouds
285,Isangel,VU,-19.55,169.2667,77.92,71,27,17.34,scattered clouds
286,Bahia Blanca,AR,-38.7196,-62.2724,80.26,40,1,12.91,clear sky
287,Lagoa,PT,39.05,-27.9833,60.08,81,100,17.31,overcast clouds
288,Kjollefjord,NO,70.9457,27.3465,32.95,93,100,5.64,light snow
289,Enshi,CN,30.3,109.4833,50.92,95,100,0.69,light rain
290,Wattegama,LK,6.7989,81.4808,73.8,94,94,1.39,overcast clouds
291,Hirara,JP,24.8,125.2833,66.22,69,65,25.86,broken clouds
292,Puerto Rico,AR,-26.796,-55.024,78.26,58,100,2.39,light rain
293,Waipawa,NZ,-41.4122,175.5153,66.2,77,40,18.41,scattered clouds
294,Olinda,BR,-8.0089,-34.8553,80.6,74,40,6.91,scattered clouds
295,Gobabis,NA,-22.45,18.9667,73.74,34,4,8.55,clear sky
296,Garden City,US,42.3256,-83.331,71.6,32,20,9.22,few clouds
297,Samarai,PG,-10.6167,150.6667,82.47,79,49,6.8,scattered clouds
298,Russell,US,32.3502,-85.1999,73.4,23,1,6.15,clear sky
299,Coracao De Jesus,BR,-16.6853,-44.365,82.4,54,0,4.61,clear sky
300,Sechura,PE,-5.5569,-80.8222,79.9,62,30,13.85,scattered clouds
301,Mantua,IT,45.1667,10.7833,46.99,49,20,4.61,few clouds
302,Maceio,BR,-9.6658,-35.7353,77.0,94,40,2.3,scattered clouds
303,Robertsport,LR,6.7533,-11.3686,80.13,87,47,9.75,scattered clouds
304,Kiunga,PG,-6.1219,141.2906,71.44,96,87,1.39,overcast clouds
305,Inverell,AU,-29.7833,151.1167,62.01,95,100,1.01,overcast clouds
306,Mariestad,SE,58.7097,13.8237,41.0,87,90,19.57,overcast clouds
307,Barletta,IT,41.3118,16.2908,50.0,57,0,9.22,clear sky
308,Batemans Bay,AU,-35.7167,150.1833,66.99,88,89,1.01,overcast clouds
309,Avera,US,33.194,-82.5271,73.4,21,1,4.61,clear sky
310,Bend,US,44.0582,-121.3153,60.8,29,1,9.22,clear sky
311,La Asuncion,VE,11.0333,-63.8628,87.8,55,67,19.57,broken clouds
312,Lompoc,US,34.6391,-120.4579,64.4,52,73,16.11,broken clouds
313,Haines Junction,CA,60.7522,-137.5108,41.0,42,100,9.22,overcast clouds
314,Ivanteyevka,RU,55.9711,37.9208,37.4,64,0,11.18,clear sky
315,Mount Isa,AU,-20.7333,139.5,68.0,77,0,8.34,clear sky
316,Port Hedland,AU,-20.3167,118.5667,71.6,60,5,6.91,clear sky
317,Palatka,US,29.6486,-81.6376,73.0,42,2,4.81,clear sky
318,Kadrina,EE,59.3347,26.145,35.78,69,2,19.39,clear sky
319,Loksa,EE,59.5764,25.7214,39.2,75,90,21.85,overcast clouds
320,Lourdes,FR,43.1,-0.05,46.4,71,0,6.91,clear sky
321,Berdigestyakh,RU,62.0989,126.6992,-15.29,99,100,3.06,overcast clouds
322,Bonthe,SL,7.5264,-12.505,79.95,85,60,7.38,broken clouds
323,San Ciro De Acosta,MX,21.6333,-99.8167,77.34,34,100,13.85,overcast clouds
324,Shenzhen,CN,22.5455,114.0683,75.99,99,100,6.04,overcast clouds
325,Guayaramerin,BO,-10.8368,-65.3614,77.61,92,73,4.54,broken clouds
326,Harper,LR,4.375,-7.7169,79.57,86,49,5.44,light rain
327,Tiarei,PF,-17.5333,-149.3333,84.2,70,40,1.14,scattered clouds
328,Pangnirtung,CA,66.1451,-65.7125,10.4,67,20,5.75,few clouds
329,Cockburn Town,TC,21.4612,-71.1419,77.0,57,75,17.27,broken clouds
330,Juegang,CN,32.3174,121.1855,45.52,64,5,9.08,clear sky
331,Sioux Lookout,CA,50.1001,-91.917,55.4,28,75,8.05,broken clouds
332,Tongliao,CN,43.6125,122.2653,41.83,26,0,9.1,clear sky
333,Fallon,US,39.4735,-118.7774,77.0,10,75,4.43,broken clouds
334,Nola,IT,40.922,14.5329,51.01,43,0,8.05,clear sky
335,Marystown,CA,47.1666,-55.1483,43.66,92,100,17.94,overcast clouds
336,Shelburne,CA,44.0787,-80.2041,55.4,33,1,9.22,clear sky
337,Bilma,NE,18.6853,12.9164,77.67,9,0,7.38,clear sky
338,Tilichiki,RU,60.4667,166.1,11.91,91,100,15.37,light snow
339,Kuito,AO,-12.3833,16.9333,62.38,73,100,1.88,overcast clouds
340,Leshukonskoye,RU,64.8989,45.7622,28.53,91,89,8.46,overcast clouds
341,Shahrud,IR,36.4182,54.9763,49.37,38,89,5.01,overcast clouds
342,Vao,NC,-22.6667,167.4833,75.88,63,2,21.45,clear sky
343,Huambo,AO,-12.7761,15.7392,60.39,78,96,2.06,overcast clouds
344,Kamenka,RU,51.3223,42.7678,37.0,86,91,6.31,overcast clouds
345,Kizukuri,JP,40.8061,140.3861,42.01,89,100,3.0,overcast clouds
346,Ponta Do Sol,PT,32.6667,-17.1,57.0,61,81,1.99,broken clouds
347,Sabang,ID,5.8933,95.3214,82.38,73,100,12.35,overcast clouds
348,Baglan,AF,36.1307,68.7083,51.57,84,100,0.98,overcast clouds
349,Kysyl-Syr,RU,63.8986,122.7617,-27.02,99,72,3.09,broken clouds
350,Fairbanks,US,64.8378,-147.7164,33.8,80,75,14.97,light rain
351,The Valley,AI,18.217,-63.0578,84.2,65,20,11.5,few clouds
352,Seymchan,RU,62.8833,152.4333,-3.66,95,100,0.76,overcast clouds
353,Howard Springs,AU,-12.497,131.047,75.2,94,0,9.22,clear sky
354,Arlit,NE,18.7369,7.3853,80.29,7,1,8.66,clear sky
355,Tuatapere,NZ,-46.1333,167.6833,53.01,91,97,11.99,overcast clouds
356,Cherskiy,RU,68.75,161.3,-8.19,97,72,2.13,broken clouds
357,Holly Springs,US,35.6513,-78.8336,75.0,25,7,1.01,clear sky
358,Ulaangom,MN,49.9811,92.0667,30.16,48,0,1.99,clear sky
359,Ola,RU,59.5833,151.2833,13.91,69,100,7.7,overcast clouds
360,Banda Aceh,ID,5.5577,95.3222,79.68,79,100,8.63,overcast clouds
361,Shambu,ET,9.5667,37.1,60.58,51,74,1.88,broken clouds
362,Urubicha,BO,-15.3833,-62.95,73.6,87,99,2.86,moderate rain
363,La Malbaie,CA,47.6575,-70.1559,39.2,44,98,5.75,overcast clouds
364,Riyadh,SA,24.6877,46.7219,69.8,18,0,6.91,clear sky
365,Ler,SS,8.3018,30.1418,87.39,19,33,5.75,scattered clouds
366,Victor Harbor,AU,-35.5667,138.6167,63.0,76,22,10.56,few clouds
367,Esperance,AU,-33.8667,121.9,60.8,94,21,5.75,few clouds
368,Axim,GH,4.8699,-2.2405,79.36,90,3,3.8,light rain
369,Elat,IL,29.5581,34.9482,68.0,28,0,16.11,clear sky
370,Whitehorse,CA,60.7161,-135.0538,41.0,45,75,10.36,broken clouds
371,Tsuyama,JP,35.05,134.0,52.0,73,100,3.0,overcast clouds
372,Santiago,CL,-33.4569,-70.6483,73.0,55,82,4.61,broken clouds
373,Virtsu,EE,58.5716,23.5115,37.0,80,64,17.0,broken clouds
374,Victoria,HK,22.2855,114.1577,72.0,91,100,1.99,overcast clouds
375,Meadow Lake,US,34.8014,-106.5436,84.0,12,40,3.44,scattered clouds
376,Rincon,US,32.296,-81.2354,73.99,23,1,5.82,clear sky
377,Mecca,SA,21.4267,39.8261,76.96,37,100,7.18,overcast clouds
378,Eureka,US,40.8021,-124.1637,55.0,66,98,4.0,overcast clouds
379,Lata,PT,40.1629,-8.3327,59.0,82,0,3.44,clear sky
380,Pudozh,RU,61.8099,36.5345,34.03,97,100,10.89,light snow
381,Price,US,39.5994,-110.8107,75.2,12,1,9.22,clear sky
382,Los Llanos De Aridane,ES,28.6585,-17.9182,66.2,63,90,2.3,overcast clouds
383,Aykhal,RU,66.0,111.5,-22.11,100,100,5.46,overcast clouds
384,Marsabit,KE,2.3284,37.9899,70.47,69,83,10.63,light rain
385,Corrientes,AR,-27.4806,-58.8341,86.0,58,0,4.72,clear sky
386,Panguna,PG,-6.3164,155.4848,71.37,92,100,1.57,overcast clouds
387,Chapayevka,UA,47.4711,36.3451,37.87,94,100,3.09,overcast clouds
388,Marsa Matruh,EG,31.3525,27.2453,66.2,42,0,6.91,clear sky
389,Walvis Bay,NA,-22.9575,14.5053,77.52,47,5,8.93,clear sky
390,Denpasar,ID,-8.65,115.2167,78.8,89,40,3.44,scattered clouds
391,Tahta,EG,26.7693,31.5021,73.4,16,0,13.8,clear sky
392,Promyshlennaya,RU,54.9159,85.6385,30.2,55,0,5.99,clear sky
393,Manokwari,ID,-0.8667,134.0833,78.19,81,100,3.98,overcast clouds
394,Palagiano,IT,40.5782,17.0374,52.0,67,34,8.01,scattered clouds
395,Olbia,IT,40.9214,9.4856,46.4,93,0,1.14,clear sky
396,Santa Isabel Do Rio Negro,BR,-0.4139,-65.0192,82.63,82,95,3.13,overcast clouds
397,Brightwater,NZ,-41.3833,173.1167,64.0,83,98,1.99,overcast clouds
398,Naze,JP,28.3667,129.4833,62.49,75,93,20.2,overcast clouds
399,Geraldton,AU,-28.7667,114.6,69.8,88,40,5.75,scattered clouds
400,Nouakchott,MR,18.0858,-15.9785,77.0,53,96,16.11,overcast clouds
401,Tezu,IN,27.9167,96.1667,68.59,32,7,5.61,clear sky
402,Kushima,JP,31.4583,131.2333,50.0,93,40,6.91,scattered clouds
403,Pierre,US,44.3683,-100.351,84.2,12,1,19.57,clear sky
404,Vetrisoaia,RO,46.43,28.2083,41.88,64,100,5.59,overcast clouds
405,Chihuahua,MX,28.5,-106.0,80.6,26,20,5.75,few clouds
406,Nassau,US,40.7507,-73.5829,63.0,25,1,14.97,clear sky
407,Sayyan,YE,15.1718,44.3244,58.77,18,0,7.05,clear sky
408,Palmer,US,42.1584,-72.3287,59.0,23,1,18.41,clear sky
409,Makakilo City,US,21.3469,-158.0858,78.8,57,20,12.66,few clouds
410,Shingu,JP,33.7333,135.9833,56.5,90,100,8.46,overcast clouds
411,Jurado,CO,7.1053,-77.7641,82.49,79,81,6.71,light rain
412,Bilibino,RU,68.0546,166.4372,-9.38,94,40,1.77,scattered clouds
413,Parfenyevo,RU,58.484,43.4088,29.01,93,78,6.06,broken clouds
414,Port Lincoln,AU,-34.7333,135.8667,61.81,83,0,12.48,light rain
415,Antigonish,CA,45.6169,-61.9986,39.99,97,100,1.99,overcast clouds
416,Ornskoldsvik,SE,63.2909,18.7153,33.8,93,90,2.3,overcast clouds
417,Asha,RU,54.9973,57.2722,32.7,98,100,6.87,snow
418,Pochutla,MX,15.7432,-96.4661,89.01,48,1,6.91,clear sky
419,Rio Grande,BR,-32.035,-52.0986,78.8,69,40,20.71,scattered clouds
420,Filingue,NE,14.3521,3.3168,85.75,7,0,7.27,clear sky
421,Chemal,RU,51.4111,86.005,33.17,75,3,5.26,clear sky
422,Auki,SB,-8.7676,160.7034,81.36,77,98,2.98,overcast clouds
423,Puerto Escondido,MX,15.85,-97.0667,86.0,70,1,6.91,clear sky
424,San Cristobal,VE,7.7669,-72.225,82.4,69,40,10.36,scattered clouds
425,Anloga,GH,5.7947,0.8973,84.2,84,40,12.66,scattered clouds
426,Innisfail,AU,-17.5333,146.0333,73.33,95,100,4.59,overcast clouds
427,Ust-Maya,RU,60.4167,134.5333,-18.51,100,96,1.57,overcast clouds
428,Tiquisio,CO,8.5597,-74.2669,83.46,81,100,2.37,overcast clouds
429,Bani Walid,LY,31.7566,13.9942,69.94,43,100,11.18,overcast clouds
430,Labuhan,ID,-6.8844,112.2051,77.58,85,100,5.68,overcast clouds
431,Kenai,US,60.5544,-151.2583,41.0,81,1,29.93,clear sky
432,Conde,BR,-7.2597,-34.9075,80.6,89,40,6.91,scattered clouds
433,Maarianhamina,AX,60.0973,19.9348,41.0,81,0,14.97,clear sky
434,Yasothon,TH,15.75,104.1333,78.01,88,100,6.98,overcast clouds
435,Sur,OM,22.5667,59.5289,84.52,43,1,7.76,clear sky
436,Mazagao,BR,-0.115,-51.2894,84.2,94,75,3.44,moderate rain
437,Korla,CN,41.7597,86.1469,48.67,31,6,14.23,clear sky
438,Champerico,GT,14.3,-91.9167,89.6,62,40,9.22,scattered clouds
439,Kupang,ID,-10.1667,123.5833,75.52,94,100,37.51,moderate rain
440,San Quintin,MX,30.4833,-115.95,67.32,61,14,17.65,few clouds
441,Khani,GE,41.9563,42.9566,57.2,62,75,11.5,broken clouds
442,Nichinan,JP,31.6,131.3667,50.0,93,40,6.91,scattered clouds
443,Vestmannaeyjar,IS,63.4427,-20.2734,21.13,50,12,23.2,few clouds
444,Gigmoto,PH,13.7796,124.39,79.12,72,85,7.18,overcast clouds
445,San Jose,US,37.3394,-121.895,64.99,48,75,9.22,broken clouds
446,Banjarmasin,ID,-3.3244,114.591,77.0,94,90,1.14,overcast clouds
447,Nueve De Julio,AR,-35.4444,-60.8831,77.0,64,21,3.0,few clouds
448,Puro,PH,12.4841,123.3827,78.85,72,100,7.58,overcast clouds
449,Launceston,AU,-41.45,147.1667,44.01,87,0,5.75,clear sky
450,Nova Ushytsya,UA,48.8372,27.2743,33.01,77,4,5.75,clear sky
451,Sarangani,PH,5.4033,125.4636,82.31,73,91,6.78,overcast clouds
452,Road Town,VG,18.4167,-64.6167,80.6,74,20,6.91,few clouds
453,Saint-Francois,FR,46.4154,3.9054,44.01,62,4,1.86,clear sky
454,Ukiah,US,39.1502,-123.2078,66.0,48,1,4.54,clear sky
455,Batagay-Alyta,RU,67.8006,130.4114,-16.53,97,100,4.07,overcast clouds
456,Dicabisagan,PH,17.0818,122.4157,75.51,86,19,6.22,few clouds
457,Balkhash,KZ,46.844,74.9804,40.93,67,100,8.1,moderate rain
458,Nome,US,64.5011,-165.4064,-0.4,71,90,23.02,heavy snow
459,Saint-Georges,GD,12.0564,-61.7485,82.4,74,20,18.41,few clouds
460,Sakakah,SA,29.9697,40.2064,60.8,16,0,3.44,clear sky
461,Yar-Sale,RU,66.8333,70.8333,31.73,98,100,5.61,light snow
462,Millet,CA,53.1001,-113.4687,46.4,49,100,19.57,overcast clouds
463,Acazulco,MX,19.2667,-99.4333,80.6,7,1,9.22,clear sky
464,Daru,PG,-9.0763,143.2092,76.6,91,81,6.44,broken clouds
465,Hoquiam,US,46.9809,-123.8893,54.0,53,20,17.27,few clouds
466,South Lake Tahoe,US,38.9332,-119.9844,73.4,17,1,6.91,clear sky
467,Naqadeh,IR,36.9553,45.388,44.76,66,0,6.51,clear sky
468,Palafrugell,ES,41.9174,3.1631,51.01,66,0,3.15,clear sky
469,Mamboma,SL,8.0833,-11.6833,80.02,76,17,4.94,few clouds
470,Gravdal,NO,68.1214,13.5031,30.2,86,75,2.3,broken clouds
471,Ust-Kuyga,RU,70.0167,135.6,-13.04,98,100,5.12,overcast clouds
472,Remontnoye,RU,46.5614,43.6501,46.4,87,100,11.18,light rain
473,Kourou,GF,5.1552,-52.6478,80.6,89,40,8.05,scattered clouds
474,Zhuanghe,CN,39.7008,122.9911,43.56,40,3,1.88,clear sky
475,Rudnogorsk,RU,57.2639,103.7519,18.34,99,99,2.13,overcast clouds
476,Langres,FR,47.8333,5.3333,46.4,53,0,8.05,clear sky
477,Jacmel,HT,18.2342,-72.5347,84.2,70,40,13.8,scattered clouds
478,Aklavik,CA,68.2191,-135.0107,14.0,67,100,5.75,overcast clouds
479,Nosy Varika,MG,-20.5833,48.5333,76.06,92,18,7.63,few clouds
480,Kruisfontein,ZA,-34.0033,24.7314,66.99,81,98,4.0,overcast clouds
481,Hasaki,JP,35.7333,140.8333,60.8,94,75,4.61,light rain
482,Loiza,PR,18.4313,-65.8802,86.0,51,40,11.5,scattered clouds
483,Rocha,UY,-34.4833,-54.3333,68.86,85,35,10.87,scattered clouds
484,Niteroi,BR,-22.8833,-43.1036,78.8,73,40,13.8,scattered clouds
485,Monki,PL,53.405,22.7979,35.01,61,10,9.48,clear sky
486,Ikongo,MG,-21.8833,47.4333,68.74,95,5,4.47,clear sky
487,Lodja,CD,-3.4833,23.4333,67.57,97,95,1.12,overcast clouds
488,Tete,MZ,-16.1564,33.5867,75.0,78,0,4.61,clear sky
489,Feuchtwangen,DE,49.1667,10.3333,39.2,75,1,4.61,clear sky
490,Barra Do Garcas,BR,-15.89,-52.2567,87.8,58,75,3.04,moderate rain
491,Chunskiy,RU,56.0815,99.6342,29.97,98,100,1.95,overcast clouds
492,Polson,US,47.6936,-114.1632,62.01,29,100,5.99,overcast clouds
493,Cocobeach,GA,1.0002,9.5823,82.4,83,20,8.05,light rain
494,Kieta,PG,-6.2167,155.6333,80.51,80,99,3.24,overcast clouds
495,Najran,SA,17.4924,44.1277,69.8,23,63,3.33,dust
496,Bardiyah,LY,31.7561,25.0865,70.43,28,0,13.22,clear sky
497,Kidal,ML,18.4411,1.4078,83.82,5,0,9.01,clear sky
498,Nouadhibou,MR,20.931,-17.0347,66.2,77,100,14.97,overcast clouds
499,Midlothian,US,32.4824,-96.9945,75.2,53,90,10.36,overcast clouds
500,Curup,ID,-3.4667,102.5333,67.35,92,100,2.17,light rain
501,Sungairaya,ID,0.7,108.9,76.55,89,90,3.13,overcast clouds
502,Kuragino,RU,53.8975,92.6725,24.46,98,69,2.51,broken clouds
503,Hovd,MN,48.0056,91.6419,30.78,24,11,1.77,few clouds
504,Khromtau,KZ,50.2503,58.4347,33.64,99,100,10.58,overcast clouds
505,Albury,AU,-36.0833,146.9167,60.01,100,0,3.4,clear sky
506,Coquimbo,CL,-29.9533,-71.3436,66.2,59,20,9.22,few clouds
507,Takaka,NZ,-40.85,172.8,64.99,88,51,7.0,broken clouds
508,Chukhloma,RU,58.7525,42.6825,26.19,95,75,6.55,broken clouds
509,Ust-Karsk,RU,52.7011,118.8077,27.39,83,73,3.2,broken clouds
510,Skibbereen,IE,51.55,-9.2667,44.6,76,75,17.27,broken clouds
511,Carutapera,BR,-1.195,-46.02,77.11,93,100,8.14,overcast clouds
512,Elblag,PL,54.1522,19.4088,41.0,71,77,13.24,broken clouds
513,Ternate,ID,0.8,127.4,79.79,82,99,6.89,overcast clouds
514,Broken Hill,AU,-31.95,141.4333,60.8,67,0,8.05,clear sky
515,Timmins,CA,48.4669,-81.3331,53.6,22,40,3.44,scattered clouds
516,Narsaq,GL,60.9167,-46.05,39.2,81,90,3.44,overcast clouds
517,Yulara,AU,-25.2406,130.9889,62.6,48,0,5.75,clear sky
518,Biloela,AU,-24.4167,150.5,69.24,90,100,12.53,overcast clouds
519,Ispravnaya,RU,44.0682,41.6102,46.92,72,71,4.85,light rain
520,Kahului,US,20.8947,-156.47,75.2,88,40,19.57,light rain
521,Qasigiannguit,GL,68.8193,-51.1922,21.2,63,75,16.11,broken clouds
522,Newnan,US,33.3807,-84.7997,73.99,10,1,5.75,clear sky
523,Presidencia Roque Saenz Pena,AR,-26.7852,-60.4388,84.99,62,100,1.99,overcast clouds
524,Morondava,MG,-20.2833,44.2833,77.72,79,11,9.24,few clouds
525,Sebinkarahisar,TR,40.2883,38.4236,44.74,62,86,4.03,overcast clouds
526,Faya,SA,18.3851,42.4509,64.4,36,0,4.56,clear sky
527,Pec,XK,42.6591,20.2883,35.6,80,75,3.44,broken clouds
528,Hidalgo,MX,20.5,-99.0,68.81,30,0,13.53,clear sky
529,Namibe,AO,-15.1961,12.1522,78.71,83,97,4.18,overcast clouds
530,Mitsamiouli,KM,-11.3847,43.2844,82.13,75,54,7.07,broken clouds
531,Vanimo,PG,-2.6741,141.3028,77.92,89,95,9.13,overcast clouds
532,Marsh Harbour,BS,26.5412,-77.0636,67.37,60,100,15.41,overcast clouds
533,Chicama,PE,-7.8447,-79.1469,73.4,83,20,8.05,few clouds
534,Mnogovershinnyy,RU,53.9353,139.9242,6.12,80,16,3.83,few clouds
535,Mao,ES,39.8885,4.2658,53.6,94,20,6.91,few clouds
536,Tateyama,JP,34.9833,139.8667,66.2,94,75,5.75,light rain
537,Sarh,TD,9.1429,18.3923,89.6,23,0,4.61,clear sky
538,Cotonou,BJ,6.3654,2.4183,84.2,84,40,14.97,scattered clouds
539,Cayenne,GF,4.9333,-52.3333,80.6,89,40,8.05,scattered clouds
540,Florence,IT,43.7667,11.25,50.0,32,0,10.36,clear sky
541,George Town,MY,5.4112,100.3354,84.0,89,20,3.47,few clouds
542,Kaplice,CZ,48.7385,14.4963,33.01,72,8,1.99,clear sky
543,Mamallapuram,IN,12.6264,80.1722,82.4,83,40,5.75,mist
544,Caohai,CN,26.8661,104.2841,51.44,74,100,8.66,overcast clouds
545,Pinheiro Machado,BR,-31.5783,-53.3811,73.99,81,20,11.99,few clouds
546,Santa Cruz,BO,-17.8,-63.1667,82.4,69,75,3.44,broken clouds
547,Augusto Correa,BR,-1.0217,-46.635,76.82,91,99,5.3,overcast clouds
548,Izvestkovyy,RU,48.9833,131.55,30.18,75,77,2.48,broken clouds
549,Shimoda,JP,34.6667,138.95,63.0,100,75,1.14,light intensity drizzle
550,Ferrara,IT,44.8,11.8333,45.0,64,0,3.62,clear sky
551,Miles City,US,46.4083,-105.8406,77.0,12,1,13.8,clear sky
552,Kabompo,ZM,-13.5927,24.2008,69.91,60,90,5.59,overcast clouds
553,Uaua,BR,-9.8414,-39.4817,88.18,27,30,12.84,scattered clouds
554,Buchanan,LR,5.8808,-10.0467,80.6,94,40,7.85,scattered clouds
555,Buraydah,SA,26.326,43.975,64.4,29,0,9.22,clear sky
556,Berkak,NO,62.825,10.0118,33.01,75,100,4.0,light snow
557,Pinawa,CA,50.1489,-95.8811,55.27,48,100,8.03,overcast clouds
558,Viedma,AR,-40.8135,-62.9967,85.75,28,0,18.32,clear sky
559,Hervey Bay,AU,-25.2986,152.8535,73.0,97,100,5.99,overcast clouds
560,Corner Brook,CA,48.9667,-57.9484,51.8,81,90,10.36,light intensity drizzle
561,Brandon,US,27.9378,-82.2859,78.01,33,40,4.45,scattered clouds
562,Merauke,ID,-8.4667,140.3333,78.53,86,100,4.21,overcast clouds
563,Mongoumba,CF,3.6415,18.5936,80.26,59,84,3.83,broken clouds
564,Berbera,SO,10.4396,45.0143,78.64,69,19,2.73,few clouds
565,Batsfjord,NO,70.6345,29.7185,35.64,90,100,9.13,overcast clouds
566,Otradnoye,RU,59.7775,30.8181,39.0,81,0,6.71,clear sky
567,Strezhevoy,RU,60.7333,77.5889,37.4,65,0,8.95,clear sky
568,Darab,IR,28.7519,54.5444,62.29,8,89,5.39,overcast clouds
569,Wynyard,AU,-41.0,145.7167,52.23,87,2,5.79,clear sky
570,Coos Bay,US,43.3665,-124.2179,60.01,66,1,25.32,clear sky
571,Owando,CG,-0.4819,15.8999,74.17,90,89,3.29,light rain
572,Krasnoselkup,RU,65.7,82.4667,32.38,93,100,13.51,overcast clouds
573,Gernsbach,DE,48.7667,8.3333,48.0,57,0,3.44,clear sky
574,Pedernales,DO,18.0384,-71.744,80.02,70,25,4.9,scattered clouds
575,Nantucket,US,41.2835,-70.0995,50.0,40,1,14.97,clear sky
576,Taguatinga,BR,-12.3857,-46.5711,84.43,50,44,2.73,scattered clouds
577,Kuching,MY,1.55,110.3333,77.0,94,20,1.52,few clouds
578,Mae Sot,TH,16.7167,98.5667,72.52,94,100,2.48,overcast clouds
579,Oksfjord,NO,70.2396,22.3479,30.2,74,20,3.44,few clouds
580,Terrasini,IT,38.146,13.0844,61.0,82,40,2.3,scattered clouds
581,Sandakan,MY,5.8402,118.1179,80.6,89,20,3.44,few clouds
582,Da Nang,VN,16.0678,108.2208,75.2,88,20,1.14,few clouds
583,Hope,US,33.6671,-93.5916,73.4,43,1,6.91,clear sky
584,Iquique,CL,-20.2208,-70.1431,69.8,68,0,19.57,clear sky
585,Taksimo,RU,56.3444,114.8794,19.78,92,99,4.12,light snow
586,Noumea,NC,-22.2763,166.4572,78.01,73,0,6.91,clear sky
587,Vallenar,CL,-28.5708,-70.7581,78.22,35,99,8.34,overcast clouds
588,Terrace Bay,CA,48.7834,-87.1,53.6,32,90,5.75,overcast clouds
589,Berlevag,NO,70.8578,29.0864,34.61,98,100,7.96,snow
590,Davenda,RU,53.5556,119.317,21.36,84,69,4.41,broken clouds
591,Malanje,AO,-9.5402,16.341,64.26,90,21,1.77,few clouds
592,Copiapo,CL,-27.3667,-70.3333,69.8,52,0,9.22,clear sky
593,Bridlington,GB,54.0831,-0.1919,46.0,75,92,8.01,overcast clouds
594,Mariental,NA,-24.6333,17.9667,81.46,31,70,13.98,broken clouds
595,Oktyabrskiy,RU,54.4815,53.471,32.13,85,100,11.63,overcast clouds
596,Novyy Urengoy,RU,66.0833,76.6333,31.55,90,100,10.51,overcast clouds
597,Betare Oya,CM,5.6,14.0833,83.03,31,100,0.67,overcast clouds
598,Ketchikan,US,55.3422,-131.6461,42.8,70,90,6.91,overcast clouds
599,Iquitos,PE,-3.7481,-73.2472,86.0,66,40,9.22,scattered clouds
600,Havre-Saint-Pierre,CA,50.2334,-63.5986,39.2,100,90,12.66,mist
601,Mumford,GH,5.2618,-0.759,80.6,87,14,8.75,light rain
602,Puerto Carreno,CO,6.189,-67.4859,75.04,96,100,6.67,overcast clouds
603,Sovetskaya Gavan,RU,48.9723,140.2878,28.83,64,26,3.18,scattered clouds
604,Ambon,ID,-3.6954,128.1814,78.8,89,40,5.75,scattered clouds
605,Luba,GQ,3.4568,8.5547,82.4,83,20,8.05,few clouds
606,Havoysund,NO,70.9963,24.6622,28.4,86,40,8.05,scattered clouds
607,Codrington,AU,-38.2667,141.9667,56.7,66,89,6.93,overcast clouds
608,Sena Madureira,BR,-9.0656,-68.6569,81.68,81,83,1.12,broken clouds
609,Saint George,US,37.1041,-113.5841,87.01,9,1,8.05,clear sky
610,Mackay,AU,-21.15,149.2,73.4,94,90,3.44,overcast clouds
611,Dwarka,IN,22.2394,68.9678,79.61,76,0,11.59,clear sky
612,Saldus,LV,56.6636,22.4881,38.75,78,49,19.71,scattered clouds
613,Inyonga,TZ,-6.7167,32.0667,64.0,97,84,3.83,moderate rain
614,Guerrero Negro,MX,27.9769,-114.0611,70.21,55,0,16.91,clear sky
615,Kautokeino,NO,69.0125,23.0412,26.46,97,100,8.52,light snow
616,Abu Dhabi,AE,24.4667,54.3667,75.2,60,0,11.5,clear sky
617,Botwood,CA,49.1499,-55.3482,52.0,79,100,5.01,overcast clouds
618,Baghdad,IQ,33.3406,44.4009,59.0,44,0,1.14,clear sky
619,Lincoln,US,40.8,-96.667,87.8,20,1,19.57,clear sky
620,Vilhena,BR,-12.7406,-60.1458,80.6,74,40,2.3,moderate rain
621,Kapiri Mposhi,ZM,-13.9652,28.6809,60.78,92,4,4.97,clear sky
622,Xuddur,SO,4.1213,43.8894,77.31,74,68,12.39,light rain
623,Chiang Kham,TH,19.5233,100.3,71.01,99,100,3.22,overcast clouds
624,Kapoeta,SS,4.7717,33.5903,80.71,48,97,8.01,overcast clouds
625,Mananum,PH,8.8333,124.95,58.82,89,100,2.48,overcast clouds
626,Lucapa,AO,-8.4192,20.7447,68.2,90,100,3.24,light rain
627,Galesburg,US,40.9478,-90.3712,75.99,28,1,17.27,clear sky
628,Manakara,MG,-22.1333,48.0167,75.31,93,1,9.42,light rain
629,Lielvarde,LV,56.7207,24.8074,37.4,70,20,16.11,few clouds
630,Bage,BR,-31.3314,-54.1069,77.0,57,0,9.22,clear sky
631,Shugurovo,RU,54.5083,52.1326,32.41,88,100,9.69,overcast clouds
632,Atambua,ID,-9.1061,124.8925,72.88,91,100,10.38,light rain
633,Kamina,CD,-8.7386,24.9906,65.1,91,24,3.02,few clouds
634,Edd,ER,13.9297,41.6925,77.99,79,6,4.29,clear sky
635,Miquelon,PM,47.0975,-56.3814,39.2,100,90,21.85,mist
636,Pucallpa,PE,-8.3791,-74.5539,86.0,62,40,4.61,scattered clouds
637,Deputatskiy,RU,69.3,139.9,-5.89,97,100,2.1,overcast clouds
638,Plouzane,FR,48.3833,-4.6167,41.0,87,0,4.61,clear sky
639,Newberry,US,34.2746,-81.6187,73.0,24,1,4.0,clear sky
640,Marawi,PH,7.9986,124.2928,66.81,95,100,0.47,overcast clouds
641,Inhambane,MZ,-23.865,35.3833,69.04,73,0,6.42,clear sky
642,Ciudad Bolivar,VE,8.1222,-63.5497,81.19,70,98,15.48,overcast clouds
643,Krasnyy Oktyabr,RU,56.1167,38.8833,26.04,94,45,4.09,light snow
644,Kenora,CA,49.8167,-94.4337,60.8,25,75,10.36,broken clouds
645,Bindki,IN,26.0333,80.6,79.52,7,1,3.6,clear sky
646,Kimbe,PG,-5.5502,150.1429,77.18,91,98,3.11,overcast clouds
647,Lukovetskiy,RU,64.2956,41.9211,33.8,93,90,8.95,light rain and snow
648,Bar Harbor,US,44.3876,-68.2039,46.4,31,75,12.66,broken clouds
649,Ankang,CN,32.68,109.0172,49.69,72,100,2.19,overcast clouds
650,Kalemie,CD,-5.9475,29.1947,70.45,90,99,2.95,moderate rain
651,Rafraf,TN,37.1904,10.1837,55.4,88,20,4.61,few clouds
652,Alta Floresta,BR,-9.8756,-56.0861,89.6,58,20,2.3,few clouds
653,Puerto Madryn,AR,-42.7692,-65.0385,83.34,35,20,26.53,few clouds
654,Minab,IR,27.1467,57.0801,77.0,73,38,6.91,haze
655,Pimenta Bueno,BR,-11.6725,-61.1936,75.29,96,100,2.98,heavy intensity rain
656,Port Stanley,FK,-51.7,-57.85,41.0,87,75,3.44,moderate rain
657,Kingman,US,35.1894,-114.053,87.8,4,1,14.97,clear sky
658,Bundu,IN,23.1833,85.5833,74.25,13,0,1.9,clear sky
659,Zyryanka,RU,65.75,150.85,-1.89,95,100,8.59,overcast clouds
660,San Marco In Lamis,IT,41.7131,15.6399,41.0,81,0,9.22,clear sky
661,Chokwe,MZ,-24.5333,32.9833,66.45,79,0,4.74,clear sky
662,Caraquet,CA,47.7941,-64.9386,35.6,93,100,3.44,overcast clouds
663,Manggar,ID,-2.8833,108.2667,79.52,81,100,5.12,overcast clouds
664,Dedougou,BF,12.4667,-3.4667,88.59,7,4,3.06,clear sky
665,Kichera,RU,55.9375,110.0997,18.46,93,92,3.24,overcast clouds
666,Husavik,IS,66.0449,-17.3389,17.6,67,90,14.97,overcast clouds
667,Forio,IT,40.7342,13.8646,54.0,38,1,5.01,clear sky
668,Zelenoborskiy,RU,66.845,32.3622,33.01,100,100,10.74,light rain
669,Roald,NO,62.5833,6.1333,30.2,69,75,20.71,light snow
670,Ballina,AU,-28.8667,153.5667,68.0,94,75,3.44,broken clouds
671,Durban,ZA,-29.8579,31.0292,68.0,88,0,1.14,clear sky
672,Odessa,UA,46.4775,30.7326,41.0,93,100,3.8,overcast clouds
673,Cacu,BR,-18.5567,-51.1308,82.8,36,93,6.49,overcast clouds
674,Hamilton,US,39.1834,-84.5333,73.99,28,1,5.75,clear sky
675,Ust-Omchug,RU,61.15,149.6333,-2.47,87,100,3.56,overcast clouds
676,Cap Malheureux,MU,-19.9842,57.6142,81.0,77,5,5.99,clear sky
677,Garowe,SO,8.4054,48.4845,76.37,70,34,11.86,scattered clouds
678,Invercargill,NZ,-46.4,168.35,53.01,91,95,11.99,overcast clouds
679,Moa,CU,20.6569,-74.9403,72.7,74,94,12.57,overcast clouds
680,Shihezi,CN,44.3,86.0333,45.05,47,0,3.8,clear sky
681,Prabumulih,ID,-3.45,104.25,74.48,95,100,2.39,light rain
682,Aligudarz,IR,33.4006,49.6949,44.13,36,0,2.24,clear sky
683,Ilulissat,GL,69.2167,-51.1,21.2,63,75,16.11,broken clouds
684,Verkhoyansk,RU,67.5447,133.385,-17.61,99,98,2.8,overcast clouds
685,Uplawmoor,GB,55.7647,-4.4955,43.0,65,75,20.71,broken clouds
686,Pavelets,RU,53.7883,39.246,30.99,68,14,5.14,few clouds
687,Boende,CD,-0.2167,20.8667,74.95,87,100,2.84,overcast clouds
688,Iranshahr,IR,27.2025,60.6848,82.4,12,5,2.86,clear sky
689,Patea,NZ,-39.7583,174.4833,64.99,94,98,12.59,overcast clouds
690,Horki,BY,54.2861,30.9842,31.98,73,78,6.26,broken clouds
691,Zaysan,KZ,47.4667,84.8667,40.15,38,0,4.38,clear sky
692,Potosi,BO,-19.5836,-65.7531,49.01,60,84,2.01,broken clouds
693,Aki,JP,33.5,133.9,55.83,86,89,8.39,overcast clouds
694,Kungurtug,RU,50.5994,97.5228,17.11,93,17,1.97,few clouds
695,Lapeer,US,43.0514,-83.3188,64.0,29,1,4.32,clear sky
